location,date,hits
AK,2020-02-01,0
AK,2020-02-02,0
AK,2020-02-03,78.22828759934023
AK,2020-02-04,0
AK,2020-02-05,0
AK,2020-02-06,0
AK,2020-02-07,0
AK,2020-02-08,0
AK,2020-02-09,0
AK,2020-02-10,0
AK,2020-02-11,0
AK,2020-02-12,0
AK,2020-02-13,0
AK,2020-02-14,0
AK,2020-02-15,0
AK,2020-02-16,0
AK,2020-02-17,0
AK,2020-02-18,0
AK,2020-02-19,0
AK,2020-02-20,0
AK,2020-02-21,0
AK,2020-02-22,0
AK,2020-02-23,0
AK,2020-02-24,0
AK,2020-02-25,0
AK,2020-02-26,79.84660743739691
AK,2020-02-27,0
AK,2020-02-28,0
AK,2020-02-29,0
AK,2020-03-01,0
AK,2020-03-02,0
AK,2020-03-03,0
AK,2020-03-04,0
AK,2020-03-05,0
AK,2020-03-06,0
AK,2020-03-07,75.60582920977659
AK,2020-03-08,0
AK,2020-03-09,0
AK,2020-03-10,0
AK,2020-03-11,0
AK,2020-03-12,0
AK,2020-03-13,0
AK,2020-03-14,0
AK,2020-03-15,0
AK,2020-03-16,45.131578947368425
AK,2020-03-17,19.25925925925926
AK,2020-03-18,78.55713375318639
AK,2020-03-19,203.0214424951267
AK,2020-03-20,61.07115009746589
AK,2020-03-21,0
AL,2020-02-01,4.8189248762932975
AL,2020-02-02,0
AL,2020-02-03,0.47407407407407404
AL,2020-02-04,4.4900787224471435
AL,2020-02-05,0
AL,2020-02-06,4.4900787224471435
AL,2020-02-07,3.6500787224471436
AL,2020-02-08,0
AL,2020-02-09,1.422222222222222
AL,2020-02-10,4.4900787224471435
AL,2020-02-11,0
AL,2020-02-12,2.7862378167641326
AL,2020-02-13,3.6500787224471436
AL,2020-02-14,0
AL,2020-02-15,2.134736842105263
AL,2020-02-16,0
AL,2020-02-17,0
AL,2020-02-18,0
AL,2020-02-19,0
AL,2020-02-20,2.8458479532163743
AL,2020-02-21,0
AL,2020-02-22,0
AL,2020-02-23,0
AL,2020-02-24,0
AL,2020-02-25,4.8189248762932975
AL,2020-02-26,4.8189248762932975
AL,2020-02-27,3.9789248762932976
AL,2020-02-28,0
AL,2020-02-29,3.616569200779727
AL,2020-03-01,0.9481481481481481
AL,2020-03-02,0
AL,2020-03-03,0
AL,2020-03-04,4.8189248762932975
AL,2020-03-05,0.711111111111111
AL,2020-03-06,0
AL,2020-03-07,0
AL,2020-03-08,0
AL,2020-03-09,0
AL,2020-03-10,2.8458479532163743
AL,2020-03-11,0
AL,2020-03-12,0
AL,2020-03-13,2.134736842105263
AL,2020-03-14,5.918492277702804
AL,2020-03-15,0
AL,2020-03-16,8.063553006447744
AL,2020-03-17,18.94197255960414
AL,2020-03-18,30.575429599640128
AL,2020-03-19,36.671722896986054
AL,2020-03-20,48.420468585994904
AL,2020-03-21,27.25925925925926
AR,2020-02-01,19.3033363322837
AR,2020-02-02,0
AR,2020-02-03,13.378831159094316
AR,2020-02-04,12.561358524516418
AR,2020-02-05,0
AR,2020-02-06,0
AR,2020-02-07,12.561358524516418
AR,2020-02-08,0
AR,2020-02-09,0
AR,2020-02-10,0
AR,2020-02-11,0
AR,2020-02-12,0
AR,2020-02-13,0
AR,2020-02-14,0
AR,2020-02-15,0
AR,2020-02-16,18.311598440545808
AR,2020-02-17,0
AR,2020-02-18,11.984435447593341
AR,2020-02-19,0
AR,2020-02-20,0
AR,2020-02-21,15.16135852451642
AR,2020-02-22,0
AR,2020-02-23,0
AR,2020-02-24,6.326315789473684
AR,2020-02-25,0
AR,2020-02-26,11.51864597390913
AR,2020-02-27,0
AR,2020-02-28,0
AR,2020-02-29,0
AR,2020-03-01,0
AR,2020-03-02,0
AR,2020-03-03,13.79364597390913
AR,2020-03-04,0
AR,2020-03-05,0
AR,2020-03-06,0
AR,2020-03-07,0
AR,2020-03-08,10.811598440545808
AR,2020-03-09,0
AR,2020-03-10,15.16135852451642
AR,2020-03-11,0
AR,2020-03-12,0
AR,2020-03-13,6.326315789473684
AR,2020-03-14,10.020808966861598
AR,2020-03-15,16.94388588993852
AR,2020-03-16,13.79364597390913
AR,2020-03-17,35.8833820662768
AR,2020-03-18,61.200254910781226
AR,2020-03-19,124.97851626930574
AR,2020-03-20,116.09862423151897
AR,2020-03-21,41.48148148148148
AZ,2020-02-01,0
AZ,2020-02-02,0
AZ,2020-02-03,3.4302384165542064
AZ,2020-02-04,2.249032088768931
AZ,2020-02-05,0
AZ,2020-02-06,1.3259551656920079
AZ,2020-02-07,2.249032088768931
AZ,2020-02-08,4.059574149047833
AZ,2020-02-09,1.844032088768931
AZ,2020-02-10,2.249032088768931
AZ,2020-02-11,2.249032088768931
AZ,2020-02-12,5.123695456590194
AZ,2020-02-13,0.2814814814814815
AZ,2020-02-14,1.844032088768931
AZ,2020-02-15,2.249032088768931
AZ,2020-02-16,0
AZ,2020-02-17,1.0444736842105264
AZ,2020-02-18,1.844032088768931
AZ,2020-02-19,0.2814814814814815
AZ,2020-02-20,0
AZ,2020-02-21,2.249032088768931
AZ,2020-02-22,0
AZ,2020-02-23,0
AZ,2020-02-24,2.249032088768931
AZ,2020-02-25,1.0444736842105264
AZ,2020-02-26,2.249032088768931
AZ,2020-02-27,2.249032088768931
AZ,2020-02-28,0
AZ,2020-02-29,0
AZ,2020-03-01,0
AZ,2020-03-02,3.7783963112910484
AZ,2020-03-03,1.0444736842105264
AZ,2020-03-04,3.9191370520317887
AZ,2020-03-05,1.0444736842105264
AZ,2020-03-06,3.244137052031789
AZ,2020-03-07,0
AZ,2020-03-08,0
AZ,2020-03-09,0
AZ,2020-03-10,2.249032088768931
AZ,2020-03-11,1.844032088768931
AZ,2020-03-12,1.259278752436647
AZ,2020-03-13,1.3259551656920079
AZ,2020-03-14,0
AZ,2020-03-15,1.844032088768931
AZ,2020-03-16,3.5868578497525867
AZ,2020-03-17,8.343051431998802
AZ,2020-03-18,20.010519568151146
AZ,2020-03-19,11.126039136302294
AZ,2020-03-20,20.8219485680012
AZ,2020-03-21,10.555555555555555
CA,2020-02-01,0.7
CA,2020-02-02,1
CA,2020-02-03,2.4
CA,2020-02-04,1.9
CA,2020-02-05,2
CA,2020-02-06,2
CA,2020-02-07,1
CA,2020-02-08,1.7
CA,2020-02-09,0.8
CA,2020-02-10,1.6
CA,2020-02-11,2
CA,2020-02-12,1.8
CA,2020-02-13,0.8
CA,2020-02-14,1.1
CA,2020-02-15,1
CA,2020-02-16,1.6
CA,2020-02-17,1
CA,2020-02-18,1.7
CA,2020-02-19,2.2
CA,2020-02-20,1.2
CA,2020-02-21,1
CA,2020-02-22,1.8
CA,2020-02-23,1
CA,2020-02-24,2.6
CA,2020-02-25,2.5
CA,2020-02-26,3
CA,2020-02-27,2
CA,2020-02-28,2.8
CA,2020-02-29,0.4
CA,2020-03-01,1.2
CA,2020-03-02,1.3
CA,2020-03-03,2.6
CA,2020-03-04,1
CA,2020-03-05,2.6
CA,2020-03-06,1
CA,2020-03-07,1.1
CA,2020-03-08,2.8
CA,2020-03-09,1.2
CA,2020-03-10,2.6
CA,2020-03-11,2.4
CA,2020-03-12,2.6
CA,2020-03-13,5
CA,2020-03-14,6.3
CA,2020-03-15,8.2
CA,2020-03-16,26.9
CA,2020-03-17,53.3
CA,2020-03-18,55.3
CA,2020-03-19,49.5
CA,2020-03-20,65.8
CA,2020-03-21,40
CO,2020-02-01,0
CO,2020-02-02,1.575
CO,2020-02-03,7.640695583117277
CO,2020-02-04,1.3125
CO,2020-02-05,7.065451206409268
CO,2020-02-06,0
CO,2020-02-07,0
CO,2020-02-08,0
CO,2020-02-09,8.389402167565926
CO,2020-02-10,0
CO,2020-02-11,0
CO,2020-02-12,0
CO,2020-02-13,7.065451206409268
CO,2020-02-14,0
CO,2020-02-15,0
CO,2020-02-16,6.05320813771518
CO,2020-02-17,10.358095963842757
CO,2020-02-18,4.085032583561068
CO,2020-02-19,0
CO,2020-02-20,7.065451206409268
CO,2020-02-21,6.08767342863149
CO,2020-02-22,5.592179945343704
CO,2020-02-23,0
CO,2020-02-24,0
CO,2020-02-25,10.859604851330204
CO,2020-02-26,0
CO,2020-02-27,1.3125
CO,2020-02-28,0
CO,2020-02-29,11.416275430359937
CO,2020-03-01,0
CO,2020-03-02,6.375310361338846
CO,2020-03-03,6.375310361338846
CO,2020-03-04,0
CO,2020-03-05,1.3125
CO,2020-03-06,7.065451206409268
CO,2020-03-07,0
CO,2020-03-08,1.575
CO,2020-03-09,0
CO,2020-03-10,13.440761567748114
CO,2020-03-11,6.375310361338846
CO,2020-03-12,0
CO,2020-03-13,10.989742017611473
CO,2020-03-14,7.699261322495504
CO,2020-03-15,9.677212528904771
CO,2020-03-16,42.26963130357602
CO,2020-03-17,114.23821823978699
CO,2020-03-18,95.87519795389251
CO,2020-03-19,81.21052688435755
CO,2020-03-20,103.13592717165346
CO,2020-03-21,99.75
CT,2020-02-01,6.416379760041732
CT,2020-02-02,1.659375
CT,2020-02-03,6.603130547380468
CT,2020-02-04,6.362576203489595
CT,2020-02-05,0
CT,2020-02-06,1.475
CT,2020-02-07,5.323839332290037
CT,2020-02-08,6.416379760041732
CT,2020-02-09,0
CT,2020-02-10,4.887576203489594
CT,2020-02-11,0
CT,2020-02-12,5.323839332290037
CT,2020-02-13,0
CT,2020-02-14,5.4404246373764975
CT,2020-02-15,0
CT,2020-02-16,0
CT,2020-02-17,7.099799637376497
CT,2020-02-18,7.503316944230335
CT,2020-02-19,5.323839332290037
CT,2020-02-20,7.503316944230335
CT,2020-02-21,0
CT,2020-02-22,17.544230116047306
CT,2020-02-23,8.403503341080201
CT,2020-02-24,0
CT,2020-02-25,14.106447491610803
CT,2020-02-26,0
CT,2020-02-27,0
CT,2020-02-28,0
CT,2020-02-29,1.659375
CT,2020-03-01,0
CT,2020-03-02,0
CT,2020-03-03,0
CT,2020-03-04,0
CT,2020-03-05,0
CT,2020-03-06,0
CT,2020-03-07,1.659375
CT,2020-03-08,13.83121116833672
CT,2020-03-09,7.503316944230335
CT,2020-03-10,0
CT,2020-03-11,4.696087636932707
CT,2020-03-12,8.486385633452455
CT,2020-03-13,7.503316944230335
CT,2020-03-14,8.403503341080201
CT,2020-03-15,14.405748205373756
CT,2020-03-16,36.9066495087162
CT,2020-03-17,53.92007409645824
CT,2020-03-18,37.6054741209835
CT,2020-03-19,37.22561734072205
CT,2020-03-20,41.17272192441548
CT,2020-03-21,23.046875
DC,2020-02-01,0
DC,2020-02-02,0
DC,2020-02-03,0
DC,2020-02-04,8.781818181818181
DC,2020-02-05,0
DC,2020-02-06,0
DC,2020-02-07,0
DC,2020-02-08,0
DC,2020-02-09,0
DC,2020-02-10,0
DC,2020-02-11,0
DC,2020-02-12,0
DC,2020-02-13,0
DC,2020-02-14,0
DC,2020-02-15,0
DC,2020-02-16,0
DC,2020-02-17,0
DC,2020-02-18,0
DC,2020-02-19,0
DC,2020-02-20,23.720874258794428
DC,2020-02-21,0
DC,2020-02-22,0
DC,2020-02-23,0
DC,2020-02-24,0
DC,2020-02-25,0
DC,2020-02-26,15.143537414965985
DC,2020-02-27,0
DC,2020-02-28,0
DC,2020-02-29,0
DC,2020-03-01,0
DC,2020-03-02,22.56553917021354
DC,2020-03-03,0
DC,2020-03-04,21.410204081632653
DC,2020-03-05,0
DC,2020-03-06,0
DC,2020-03-07,0
DC,2020-03-08,0
DC,2020-03-09,0
DC,2020-03-10,21.410204081632653
DC,2020-03-11,0
DC,2020-03-12,21.410204081632653
DC,2020-03-13,0
DC,2020-03-14,0
DC,2020-03-15,0
DC,2020-03-16,35.24414765906362
DC,2020-03-17,57.83220856524428
DC,2020-03-18,46.76093460111317
DC,2020-03-19,45.79072356215213
DC,2020-03-20,62.4378703754229
DC,2020-03-21,0
DE,2020-02-01,0
DE,2020-02-02,0
DE,2020-02-03,52.496705634581396
DE,2020-02-04,0
DE,2020-02-05,0
DE,2020-02-06,0
DE,2020-02-07,0
DE,2020-02-08,12.8125
DE,2020-02-09,0
DE,2020-02-10,0
DE,2020-02-11,0
DE,2020-02-12,0
DE,2020-02-13,0
DE,2020-02-14,0
DE,2020-02-15,0
DE,2020-02-16,0
DE,2020-02-17,0
DE,2020-02-18,0
DE,2020-02-19,0
DE,2020-02-20,0
DE,2020-02-21,0
DE,2020-02-22,0
DE,2020-02-23,0
DE,2020-02-24,0
DE,2020-02-25,0
DE,2020-02-26,0
DE,2020-02-27,42.46019024595333
DE,2020-02-28,0
DE,2020-02-29,0
DE,2020-03-01,0
DE,2020-03-02,0
DE,2020-03-03,0
DE,2020-03-04,0
DE,2020-03-05,0
DE,2020-03-06,53.20093098669407
DE,2020-03-07,0
DE,2020-03-08,0
DE,2020-03-09,0
DE,2020-03-10,53.20093098669407
DE,2020-03-11,50.96035618075506
DE,2020-03-12,0
DE,2020-03-13,54.36691007015003
DE,2020-03-14,36.8068110153458
DE,2020-03-15,0
DE,2020-03-16,46.73920839853938
DE,2020-03-17,153.634945382633
DE,2020-03-18,52.73917725535079
DE,2020-03-19,102.10531361190915
DE,2020-03-20,127.50426272393898
DE,2020-03-21,112.5
FL,2020-02-01,2.167239990523573
FL,2020-02-02,1.725249940772329
FL,2020-02-03,2.5878749111584933
FL,2020-02-04,1.725249940772329
FL,2020-02-05,0.8626249703861645
FL,2020-02-06,0.8626249703861645
FL,2020-02-07,3.450499881544658
FL,2020-02-08,1.725249940772329
FL,2020-02-09,1.725249940772329
FL,2020-02-10,0.8626249703861645
FL,2020-02-11,0.8626249703861645
FL,2020-02-12,2.1458848614072497
FL,2020-02-13,0.8626249703861645
FL,2020-02-14,1.5519166074389956
FL,2020-02-15,1.725249940772329
FL,2020-02-16,0
FL,2020-02-17,0.8626249703861645
FL,2020-02-18,1.4565932243544184
FL,2020-02-19,2.167239990523573
FL,2020-02-20,2.167239990523573
FL,2020-02-21,0.8626249703861645
FL,2020-02-22,1.0146031746031747
FL,2020-02-23,1.725249940772329
FL,2020-02-24,1.725249940772329
FL,2020-02-25,3.450499881544658
FL,2020-02-26,0.8626249703861645
FL,2020-02-27,1.725249940772329
FL,2020-02-28,0
FL,2020-02-29,1.2619047619047619
FL,2020-03-01,0
FL,2020-03-02,0.8626249703861645
FL,2020-03-03,2.1458848614072497
FL,2020-03-04,2.41454157782516
FL,2020-03-05,0.8626249703861645
FL,2020-03-06,1.0359583037194977
FL,2020-03-07,0
FL,2020-03-08,1.131281686804075
FL,2020-03-09,0.8626249703861645
FL,2020-03-10,2.050561478322672
FL,2020-03-11,1.9939066571902393
FL,2020-03-12,1.9939066571902393
FL,2020-03-13,3.2771665482113246
FL,2020-03-14,3.355176498460081
FL,2020-03-15,2.319218194740583
FL,2020-03-16,8.778227908078655
FL,2020-03-17,18.00585643212509
FL,2020-03-18,26.81130063965885
FL,2020-03-19,35.73160388533523
FL,2020-03-20,47.426387112058755
FL,2020-03-21,42.46666666666667
GA,2020-02-01,2.605998578535892
GA,2020-02-02,0.52
GA,2020-02-03,0.52
GA,2020-02-04,2.3821179815209668
GA,2020-02-05,2.7789433783463635
GA,2020-02-06,0
GA,2020-02-07,0
GA,2020-02-08,0
GA,2020-02-09,0
GA,2020-02-10,2.3821179815209668
GA,2020-02-11,4.214603174603175
GA,2020-02-12,4.7642359630419335
GA,2020-02-13,4.7642359630419335
GA,2020-02-14,1.7104761904761905
GA,2020-02-15,0.52
GA,2020-02-16,1.1904761904761905
GA,2020-02-17,2.3821179815209668
GA,2020-02-18,3.7972518360578063
GA,2020-02-19,2.3821179815209668
GA,2020-02-20,4.5909026297086
GA,2020-02-21,0.52
GA,2020-02-22,0
GA,2020-02-23,1.7104761904761905
GA,2020-02-24,3.176157308694622
GA,2020-02-25,1.7104761904761905
GA,2020-02-26,2.3821179815209668
GA,2020-02-27,2.3821179815209668
GA,2020-02-28,2.3821179815209668
GA,2020-02-29,0
GA,2020-03-01,0
GA,2020-03-02,1.7104761904761905
GA,2020-03-03,2.3821179815209668
GA,2020-03-04,2.2087846481876334
GA,2020-03-05,0
GA,2020-03-06,3.4000379057095476
GA,2020-03-07,2.3821179815209668
GA,2020-03-08,2.3821179815209668
GA,2020-03-09,1.1403174603174602
GA,2020-03-10,3.9701966358682776
GA,2020-03-11,3.197460317460317
GA,2020-03-12,2.1586259180289034
GA,2020-03-13,2.3821179815209668
GA,2020-03-14,4.1940772328832034
GA,2020-03-15,4.417569296375267
GA,2020-03-16,10.596162046908315
GA,2020-03-17,13.101843165126748
GA,2020-03-18,21.63369817578773
GA,2020-03-19,31.314200426439232
GA,2020-03-20,40.048633025349446
GA,2020-03-21,25.133333333333333
HI,2020-02-01,0
HI,2020-02-02,0
HI,2020-02-03,0
HI,2020-02-04,8.333333333333334
HI,2020-02-05,0
HI,2020-02-06,0
HI,2020-02-07,0
HI,2020-02-08,0
HI,2020-02-09,0
HI,2020-02-10,0
HI,2020-02-11,0
HI,2020-02-12,0
HI,2020-02-13,0
HI,2020-02-14,0
HI,2020-02-15,0
HI,2020-02-16,0
HI,2020-02-17,0
HI,2020-02-18,0
HI,2020-02-19,0
HI,2020-02-20,38.24164889836532
HI,2020-02-21,0
HI,2020-02-22,0
HI,2020-02-23,0
HI,2020-02-24,0
HI,2020-02-25,0
HI,2020-02-26,0
HI,2020-02-27,0
HI,2020-02-28,0
HI,2020-02-29,0
HI,2020-03-01,0
HI,2020-03-02,0
HI,2020-03-03,18.253968253968253
HI,2020-03-04,0
HI,2020-03-05,19.047619047619047
HI,2020-03-06,0
HI,2020-03-07,0
HI,2020-03-08,0
HI,2020-03-09,0
HI,2020-03-10,0
HI,2020-03-11,38.689410092395164
HI,2020-03-12,0
HI,2020-03-13,0
HI,2020-03-14,0
HI,2020-03-15,29.3015873015873
HI,2020-03-16,37.114664771381186
HI,2020-03-17,36.333570244018006
HI,2020-03-18,116.50390902629708
HI,2020-03-19,146.36342099028667
HI,2020-03-20,145.87254205164652
HI,2020-03-21,41.66666666666667
IA,2020-02-01,0
IA,2020-02-02,3.617647058823529
IA,2020-02-03,10.098068378036146
IA,2020-02-04,12.44016806722689
IA,2020-02-05,16.37187291354898
IA,2020-02-06,0
IA,2020-02-07,0
IA,2020-02-08,0
IA,2020-02-09,19.267152066305975
IA,2020-02-10,15.969015770691838
IA,2020-02-11,15.969015770691838
IA,2020-02-12,0
IA,2020-02-13,11.934080810406353
IA,2020-02-14,0
IA,2020-02-15,19.90097559571774
IA,2020-02-16,15.550210084033614
IA,2020-02-17,13.084201680672269
IA,2020-02-18,0
IA,2020-02-19,15.969015770691838
IA,2020-02-20,0
IA,2020-02-21,0
IA,2020-02-22,0
IA,2020-02-23,0
IA,2020-02-24,0
IA,2020-02-25,0
IA,2020-02-26,0
IA,2020-02-27,0
IA,2020-02-28,0
IA,2020-02-29,0
IA,2020-03-01,19.267152066305975
IA,2020-03-02,11.01607459422125
IA,2020-03-03,2.894117647058823
IA,2020-03-04,25.476771037181994
IA,2020-03-05,8.121956947162426
IA,2020-03-06,3.135294117647059
IA,2020-03-07,19.659799125129503
IA,2020-03-08,0
IA,2020-03-09,15.335192241280073
IA,2020-03-10,31.30420801197191
IA,2020-03-11,31.69685507079544
IA,2020-03-12,0
IA,2020-03-13,3.135294117647059
IA,2020-03-14,14.011269713364797
IA,2020-03-15,0
IA,2020-03-16,52.62074191320364
IA,2020-03-17,113.31289052607343
IA,2020-03-18,116.54044952227466
IA,2020-03-19,89.46269195349373
IA,2020-03-20,101.5850109358812
IA,2020-03-21,0
ID,2020-02-01,0
ID,2020-02-02,0
ID,2020-02-03,0
ID,2020-02-04,0
ID,2020-02-05,0
ID,2020-02-06,0
ID,2020-02-07,27.978223169864965
ID,2020-02-08,0
ID,2020-02-09,6.760000000000001
ID,2020-02-10,23.22761904761905
ID,2020-02-11,0
ID,2020-02-12,0
ID,2020-02-13,0
ID,2020-02-14,27.978223169864965
ID,2020-02-15,0
ID,2020-02-16,0
ID,2020-02-17,0
ID,2020-02-18,25.61074626865672
ID,2020-02-19,0
ID,2020-02-20,0
ID,2020-02-21,0
ID,2020-02-22,0
ID,2020-02-23,0
ID,2020-02-24,25.234626865671643
ID,2020-02-25,0
ID,2020-02-26,0
ID,2020-02-27,0
ID,2020-02-28,0
ID,2020-02-29,0
ID,2020-03-01,0
ID,2020-03-02,0
ID,2020-03-03,0
ID,2020-03-04,0
ID,2020-03-05,0
ID,2020-03-06,0
ID,2020-03-07,0
ID,2020-03-08,0
ID,2020-03-09,0
ID,2020-03-10,24.427007818052594
ID,2020-03-11,0
ID,2020-03-12,0
ID,2020-03-13,0
ID,2020-03-14,0
ID,2020-03-15,0
ID,2020-03-16,0
ID,2020-03-17,5.2
ID,2020-03-18,89.65974413646056
ID,2020-03-19,58.268542999289274
ID,2020-03-20,45.568443496801706
ID,2020-03-21,0
IL,2020-02-01,3.7068711868308966
IL,2020-02-02,2.998535743064349
IL,2020-02-03,2.104906181650742
IL,2020-02-04,7.934330608955911
IL,2020-02-05,4.997559571773914
IL,2020-02-06,1.999023828709566
IL,2020-02-07,2.5155784505583054
IL,2020-02-08,2.4231932773109244
IL,2020-02-09,2.998535743064349
IL,2020-02-10,8.267171635777599
IL,2020-02-11,3.148652008748705
IL,2020-02-12,4.038655462184874
IL,2020-02-13,3.6074755381604695
IL,2020-02-14,3.960416714631058
IL,2020-02-15,2.4231932773109244
IL,2020-02-16,2.1250063312996432
IL,2020-02-17,2.7073592724761135
IL,2020-02-18,6.127087602164153
IL,2020-02-19,2.4779475077702315
IL,2020-02-20,2.2284355934154485
IL,2020-02-21,4.997559571773914
IL,2020-02-22,2.998535743064349
IL,2020-02-23,0
IL,2020-02-24,3.6115091516058477
IL,2020-02-25,3.3203326810176126
IL,2020-02-26,3.036166685852423
IL,2020-02-27,1.6154621848739497
IL,2020-02-28,1.6154621848739497
IL,2020-02-29,0
IL,2020-03-01,0
IL,2020-03-02,1.6154621848739497
IL,2020-03-03,3.6185196270288937
IL,2020-03-04,2.8067549211465406
IL,2020-03-05,2.4578473581213305
IL,2020-03-06,6.996583400483481
IL,2020-03-07,4.555210084033614
IL,2020-03-08,0
IL,2020-03-09,2.104906181650742
IL,2020-03-10,1.999023828709566
IL,2020-03-11,2.104906181650742
IL,2020-03-12,4.035678600207206
IL,2020-03-13,6.325878899505008
IL,2020-03-14,8.14621158052262
IL,2020-03-15,13.223066651318062
IL,2020-03-16,30.816573040174973
IL,2020-03-17,49.65677564176355
IL,2020-03-18,55.75740186485553
IL,2020-03-19,60.1523828709566
IL,2020-03-20,69.77499366870036
IL,2020-03-21,61.94117647058823
IN,2020-02-01,0
IN,2020-02-02,9.96897663174859
IN,2020-02-03,0
IN,2020-02-04,8.544837112927363
IN,2020-02-05,9.427190054103834
IN,2020-02-06,1.7647058823529413
IN,2020-02-07,1.7647058823529413
IN,2020-02-08,0
IN,2020-02-09,0
IN,2020-02-10,13.801139633935767
IN,2020-02-11,0
IN,2020-02-12,6.983193277310924
IN,2020-02-13,0
IN,2020-02-14,1.7647058823529413
IN,2020-02-15,0
IN,2020-02-16,0
IN,2020-02-17,8.544837112927363
IN,2020-02-18,0
IN,2020-02-19,8.103660642339127
IN,2020-02-20,8.544837112927363
IN,2020-02-21,5.897778289397951
IN,2020-02-22,9.96897663174859
IN,2020-02-23,9.527800161160355
IN,2020-02-24,4.1330724070450096
IN,2020-02-25,16.9669045700472
IN,2020-02-26,7.120697594106137
IN,2020-02-27,7.843386669736388
IN,2020-02-28,13.096638655462186
IN,2020-02-29,0
IN,2020-03-01,9.527800161160355
IN,2020-03-02,7.41481524116496
IN,2020-03-03,0
IN,2020-03-04,13.7334522850236
IN,2020-03-05,0
IN,2020-03-06,13.598998503510995
IN,2020-03-07,8.147058823529413
IN,2020-03-08,0
IN,2020-03-09,7.843386669736388
IN,2020-03-10,15.077299412915853
IN,2020-03-11,0
IN,2020-03-12,7.41481524116496
IN,2020-03-13,0
IN,2020-03-14,2.058823529411765
IN,2020-03-15,6.880741337630943
IN,2020-03-16,60.45038563370554
IN,2020-03-17,66.96322090480028
IN,2020-03-18,86.98267526188559
IN,2020-03-19,133.1986876942558
IN,2020-03-20,138.3184643720502
IN,2020-03-21,66.1764705882353
KS,2020-02-01,13.281806722689076
KS,2020-02-02,0
KS,2020-02-03,0
KS,2020-02-04,0
KS,2020-02-05,0
KS,2020-02-06,12.652514101531024
KS,2020-02-07,0
KS,2020-02-08,0
KS,2020-02-09,0
KS,2020-02-10,0
KS,2020-02-11,8.436116035455278
KS,2020-02-12,0
KS,2020-02-13,12.464278807413375
KS,2020-02-14,0
KS,2020-02-15,0
KS,2020-02-16,0
KS,2020-02-17,11.021848739495798
KS,2020-02-18,0
KS,2020-02-19,0
KS,2020-02-20,9.98138655462185
KS,2020-02-21,23.79914585012087
KS,2020-02-22,7.2101956947162424
KS,2020-02-23,0
KS,2020-02-24,0
KS,2020-02-25,11.573973178312421
KS,2020-02-26,0
KS,2020-02-27,10.268529411764707
KS,2020-02-28,0
KS,2020-02-29,0
KS,2020-03-01,14.857254518245655
KS,2020-03-02,0
KS,2020-03-03,0
KS,2020-03-04,0
KS,2020-03-05,12.049351329572925
KS,2020-03-06,12.464278807413375
KS,2020-03-07,0
KS,2020-03-08,0
KS,2020-03-09,5.513679060665362
KS,2020-03-10,0
KS,2020-03-11,10.546470588235294
KS,2020-03-12,11.762208472430068
KS,2020-03-13,0
KS,2020-03-14,3.2
KS,2020-03-15,12.241344537815127
KS,2020-03-16,12.186337630942788
KS,2020-03-17,39.09219465868539
KS,2020-03-18,38.30754230459307
KS,2020-03-19,55.64523943824105
KS,2020-03-20,43.46516634050881
KS,2020-03-21,0
KY,2020-02-01,0
KY,2020-02-02,0
KY,2020-02-03,0
KY,2020-02-04,10.8003242147923
KY,2020-02-05,3.0479432624113474
KY,2020-02-06,3.0479432624113474
KY,2020-02-07,10.8003242147923
KY,2020-02-08,0
KY,2020-02-09,0
KY,2020-02-10,10.445222173975974
KY,2020-02-11,0
KY,2020-02-12,10.445222173975974
KY,2020-02-13,0
KY,2020-02-14,0
KY,2020-02-15,0
KY,2020-02-16,0
KY,2020-02-17,0
KY,2020-02-18,4.8407777295315295
KY,2020-02-19,5.178555507309307
KY,2020-02-20,10.445222173975974
KY,2020-02-21,0
KY,2020-02-22,0
KY,2020-02-23,0
KY,2020-02-24,0
KY,2020-02-25,0
KY,2020-02-26,7.318583490133642
KY,2020-02-27,0
KY,2020-02-28,7.488796256091089
KY,2020-02-29,0
KY,2020-03-01,0
KY,2020-03-02,7.318583490133642
KY,2020-03-03,0
KY,2020-03-04,0
KY,2020-03-05,2.4857142857142858
KY,2020-03-06,10.445222173975974
KY,2020-03-07,0
KY,2020-03-08,6.396750132677185
KY,2020-03-09,2.1306122448979594
KY,2020-03-10,50.33499107444396
KY,2020-03-11,2.7101654846335697
KY,2020-03-12,9.229666618420419
KY,2020-03-13,29.409906884739712
KY,2020-03-14,2.840816326530612
KY,2020-03-15,0
KY,2020-03-16,76.01612100159213
KY,2020-03-17,103.6851575240025
KY,2020-03-18,130.94485357263474
KY,2020-03-19,129.87089882761614
KY,2020-03-20,100.76413856322671
KY,2020-03-21,74.57142857142857
LA,2020-02-01,0
LA,2020-02-02,2.873469387755102
LA,2020-02-03,9.421295894244222
LA,2020-02-04,0
LA,2020-02-05,5.811590678824722
LA,2020-02-06,11.01159067882472
LA,2020-02-07,0
LA,2020-02-08,0
LA,2020-02-09,13.984940415882665
LA,2020-02-10,2.5142857142857142
LA,2020-02-11,11.01159067882472
LA,2020-02-12,2.5142857142857142
LA,2020-02-13,0
LA,2020-02-14,0
LA,2020-02-15,0
LA,2020-02-16,0
LA,2020-02-17,0
LA,2020-02-18,10.652407005355334
LA,2020-02-19,0
LA,2020-02-20,0
LA,2020-02-21,11.01159067882472
LA,2020-02-22,2.873469387755102
LA,2020-02-23,0
LA,2020-02-24,11.196697061803444
LA,2020-02-25,0
LA,2020-02-26,0
LA,2020-02-27,0
LA,2020-02-28,0
LA,2020-02-29,0
LA,2020-03-01,12.786991846383943
LA,2020-03-02,10.652407005355334
LA,2020-03-03,10.652407005355334
LA,2020-03-04,0
LA,2020-03-05,0
LA,2020-03-06,3.297304964539007
LA,2020-03-07,0
LA,2020-03-08,0
LA,2020-03-09,10.28796256091089
LA,2020-03-10,10.652407005355334
LA,2020-03-11,10.652407005355334
LA,2020-03-12,10.652407005355334
LA,2020-03-13,0
LA,2020-03-14,0
LA,2020-03-15,12.108080281758093
LA,2020-03-16,20.797331017513386
LA,2020-03-17,55.576465479808945
LA,2020-03-18,126.83494282819511
LA,2020-03-19,68.67899454817388
LA,2020-03-20,145.19686302889951
LA,2020-03-21,105.95918367346938
MA,2020-02-01,0
MA,2020-02-02,2.413007456503728
MA,2020-02-03,0
MA,2020-02-04,0
MA,2020-02-05,0
MA,2020-02-06,2.7705882352941176
MA,2020-02-07,1.9304059652029826
MA,2020-02-08,0
MA,2020-02-09,0
MA,2020-02-10,0
MA,2020-02-11,3.948053024026512
MA,2020-02-12,0
MA,2020-02-13,3.948053024026512
MA,2020-02-14,2.7304059652029826
MA,2020-02-15,0
MA,2020-02-16,2.413007456503728
MA,2020-02-17,4.93506628003314
MA,2020-02-18,0
MA,2020-02-19,3.948053024026512
MA,2020-02-20,0
MA,2020-02-21,4.640700082850041
MA,2020-02-22,0
MA,2020-02-23,0
MA,2020-02-24,3.948053024026512
MA,2020-02-25,0.8
MA,2020-02-26,0.8
MA,2020-02-27,3.3304059652029827
MA,2020-02-28,2.7304059652029826
MA,2020-02-29,3.4632352941176467
MA,2020-03-01,0
MA,2020-03-02,2.7705882352941176
MA,2020-03-03,2.7304059652029826
MA,2020-03-04,0
MA,2020-03-05,3.148053024026512
MA,2020-03-06,3.948053024026512
MA,2020-03-07,2.413007456503728
MA,2020-03-08,3.4632352941176467
MA,2020-03-09,5.541176470588235
MA,2020-03-10,3.948053024026512
MA,2020-03-11,3.948053024026512
MA,2020-03-12,2.7705882352941176
MA,2020-03-13,6.322079536039768
MA,2020-03-14,6.626014913007456
MA,2020-03-15,13.218185584092792
MA,2020-03-16,55.99430405965202
MA,2020-03-17,61.18429991714996
MA,2020-03-18,52.09722452361226
MA,2020-03-19,47.86097763048881
MA,2020-03-20,63.502671913835954
MA,2020-03-21,31
MD,2020-02-01,3.7289062575384766
MD,2020-02-02,1.0159810874704491
MD,2020-02-03,5.188669850919091
MD,2020-02-04,3.3453138418487964
MD,2020-02-05,2.9307656679693155
MD,2020-02-06,0
MD,2020-02-07,2.9307656679693155
MD,2020-02-08,7.261894147730014
MD,2020-02-09,0
MD,2020-02-10,2.845659284990592
MD,2020-02-11,3.3536498287258167
MD,2020-02-12,1.545659284990592
MD,2020-02-13,0
MD,2020-02-14,2.9307656679693155
MD,2020-02-15,0
MD,2020-02-16,3.5329878901915377
MD,2020-02-17,2.9307656679693155
MD,2020-02-18,0
MD,2020-02-19,2.845659284990592
MD,2020-02-20,2.845659284990592
MD,2020-02-21,2.845659284990592
MD,2020-02-22,1.0159810874704491
MD,2020-02-23,0
MD,2020-02-24,0.7619858156028368
MD,2020-02-25,1.545659284990592
MD,2020-02-26,0
MD,2020-02-27,2.845659284990592
MD,2020-02-28,3.549568196072755
MD,2020-02-29,0
MD,2020-03-01,0
MD,2020-03-02,4.16223959087181
MD,2020-03-03,0.7836734693877551
MD,2020-03-04,5.5805065856129685
MD,2020-03-05,1.545659284990592
MD,2020-03-06,2.845659284990592
MD,2020-03-07,0
MD,2020-03-08,3.5329878901915377
MD,2020-03-09,0
MD,2020-03-10,0
MD,2020-03-11,0
MD,2020-03-12,4.926338592174458
MD,2020-03-13,5.986810440488252
MD,2020-03-14,3.5329878901915377
MD,2020-03-15,3.5329878901915377
MD,2020-03-16,25.422561875814157
MD,2020-03-17,30.47629275823805
MD,2020-03-18,33.61744391373571
MD,2020-03-19,36.126114729579776
MD,2020-03-20,31.034024219616924
MD,2020-03-21,36.244897959183675
ME,2020-02-01,0
ME,2020-02-02,0
ME,2020-02-03,7.555555555555555
ME,2020-02-04,0
ME,2020-02-05,0
ME,2020-02-06,0
ME,2020-02-07,0
ME,2020-02-08,0
ME,2020-02-09,0
ME,2020-02-10,0
ME,2020-02-11,0
ME,2020-02-12,0
ME,2020-02-13,8.979591836734695
ME,2020-02-14,18.276643990929706
ME,2020-02-15,0
ME,2020-02-16,0
ME,2020-02-17,0
ME,2020-02-18,0
ME,2020-02-19,0
ME,2020-02-20,0
ME,2020-02-21,0
ME,2020-02-22,0
ME,2020-02-23,0
ME,2020-02-24,0
ME,2020-02-25,42.16953731847349
ME,2020-02-26,0
ME,2020-02-27,0
ME,2020-02-28,42.3823032759203
ME,2020-02-29,0
ME,2020-03-01,44.96695131953491
ME,2020-03-02,0
ME,2020-03-03,0
ME,2020-03-04,0
ME,2020-03-05,0
ME,2020-03-06,0
ME,2020-03-07,0
ME,2020-03-08,0
ME,2020-03-09,0
ME,2020-03-10,0
ME,2020-03-11,0
ME,2020-03-12,38.437496984609446
ME,2020-03-13,0
ME,2020-03-14,0
ME,2020-03-15,0
ME,2020-03-16,80.81980026052975
ME,2020-03-17,104.60510445312877
ME,2020-03-18,177.22767404834275
ME,2020-03-19,114.68191248130458
ME,2020-03-20,216.01582476962417
ME,2020-03-21,179.59183673469389
MI,2020-02-01,8.859776304888152
MI,2020-02-02,4.166321458160729
MI,2020-02-03,8.283709610604806
MI,2020-02-04,5.618527340513671
MI,2020-02-05,0
MI,2020-02-06,5.618527340513671
MI,2020-02-07,11.549554681027342
MI,2020-02-08,5.931027340513671
MI,2020-02-09,7.181027340513671
MI,2020-02-10,11.261650787075395
MI,2020-02-11,5.618527340513671
MI,2020-02-12,5.618527340513671
MI,2020-02-13,5.618527340513671
MI,2020-02-14,4.11764705882353
MI,2020-02-15,2.9163214581607293
MI,2020-02-16,5.36764705882353
MI,2020-02-17,5.931027340513671
MI,2020-02-18,5.618527340513671
MI,2020-02-19,6.243527340513671
MI,2020-02-20,5.618527340513671
MI,2020-02-21,3.8538214581607293
MI,2020-02-22,0
MI,2020-02-23,1.25
MI,2020-02-24,8.430768434134217
MI,2020-02-25,0
MI,2020-02-26,9.312862468931234
MI,2020-02-27,14.098487986743994
MI,2020-02-28,10.379297845898924
MI,2020-02-29,5.931027340513671
MI,2020-03-01,5.931027340513671
MI,2020-03-02,11.837458574979287
MI,2020-03-03,0
MI,2020-03-04,6.647939105219553
MI,2020-03-05,10.379297845898924
MI,2020-03-06,4.11764705882353
MI,2020-03-07,2.9163214581607293
MI,2020-03-08,5.931027340513671
MI,2020-03-09,11.73933305716653
MI,2020-03-10,3.5107705053852527
MI,2020-03-11,0
MI,2020-03-12,4.448270505385253
MI,2020-03-13,17.621685998343
MI,2020-03-14,5.931027340513671
MI,2020-03-15,23.032052609776308
MI,2020-03-16,101.31136081193041
MI,2020-03-17,113.03930198840101
MI,2020-03-18,148.1348384424192
MI,2020-03-19,105.69153893951948
MI,2020-03-20,142.33818351284177
MI,2020-03-21,81.25
MN,2020-02-01,0
MN,2020-02-02,0
MN,2020-02-03,4.034134217067109
MN,2020-02-04,6.344490472245236
MN,2020-02-05,4.552941176470588
MN,2020-02-06,0
MN,2020-02-07,0
MN,2020-02-08,7.401905550952776
MN,2020-02-09,7.401905550952776
MN,2020-02-10,3.1327257663628836
MN,2020-02-11,0
MN,2020-02-12,0
MN,2020-02-13,6.344490472245236
MN,2020-02-14,6.344490472245236
MN,2020-02-15,0
MN,2020-02-16,0
MN,2020-02-17,0
MN,2020-02-18,6.344490472245236
MN,2020-02-19,1.2
MN,2020-02-20,0
MN,2020-02-21,0
MN,2020-02-22,0
MN,2020-02-23,0
MN,2020-02-24,0
MN,2020-02-25,0
MN,2020-02-26,0
MN,2020-02-27,6.144490472245236
MN,2020-02-28,0
MN,2020-02-29,7.401905550952776
MN,2020-03-01,0
MN,2020-03-02,0
MN,2020-03-03,8.668019884009942
MN,2020-03-04,6.144490472245236
MN,2020-03-05,4.552941176470588
MN,2020-03-06,0
MN,2020-03-07,0
MN,2020-03-08,0
MN,2020-03-09,3.1327257663628836
MN,2020-03-10,4.552941176470588
MN,2020-03-11,6.344490472245236
MN,2020-03-12,0
MN,2020-03-13,6.144490472245236
MN,2020-03-14,0
MN,2020-03-15,7.103314001657001
MN,2020-03-16,23.67821043910522
MN,2020-03-17,75.67787903893952
MN,2020-03-18,49.838276719138356
MN,2020-03-19,34.151864125932065
MN,2020-03-20,38.97357083678542
MN,2020-03-21,18
MO,2020-02-01,0
MO,2020-02-02,0
MO,2020-02-03,0
MO,2020-02-04,0
MO,2020-02-05,0.9333333333333333
MO,2020-02-06,0.9333333333333333
MO,2020-02-07,5.129166666666666
MO,2020-02-08,0
MO,2020-02-09,0
MO,2020-02-10,2.564583333333333
MO,2020-02-11,2.564583333333333
MO,2020-02-12,0.9333333333333333
MO,2020-02-13,2.564583333333333
MO,2020-02-14,0.9333333333333333
MO,2020-02-15,0
MO,2020-02-16,2.8756944444444446
MO,2020-02-17,5.129166666666666
MO,2020-02-18,2.564583333333333
MO,2020-02-19,0
MO,2020-02-20,0.9333333333333333
MO,2020-02-21,2.564583333333333
MO,2020-02-22,0
MO,2020-02-23,0
MO,2020-02-24,0.9333333333333333
MO,2020-02-25,0
MO,2020-02-26,0.9333333333333333
MO,2020-02-27,2.564583333333333
MO,2020-02-28,2.564583333333333
MO,2020-02-29,0
MO,2020-03-01,1.2444444444444445
MO,2020-03-02,2.8756944444444446
MO,2020-03-03,2.564583333333333
MO,2020-03-04,0
MO,2020-03-05,0.9333333333333333
MO,2020-03-06,0
MO,2020-03-07,2.8756944444444446
MO,2020-03-08,1.2444444444444445
MO,2020-03-09,2.564583333333333
MO,2020-03-10,2.564583333333333
MO,2020-03-11,2.564583333333333
MO,2020-03-12,0
MO,2020-03-13,3.7305555555555556
MO,2020-03-14,0
MO,2020-03-15,2.8756944444444446
MO,2020-03-16,5.51875
MO,2020-03-17,13.910416666666666
MO,2020-03-18,20.59513888888889
MO,2020-03-19,20.90625
MO,2020-03-20,24.479861111111113
MS,2020-02-01,0
MS,2020-02-02,0
MS,2020-02-03,0
MS,2020-02-04,4.36122618061309
MS,2020-02-05,12.217647058823529
MS,2020-02-06,0
MS,2020-02-07,4.633802816901409
MS,2020-02-08,12.638514913007457
MS,2020-02-09,0
MS,2020-02-10,0
MS,2020-02-11,0
MS,2020-02-12,0
MS,2020-02-13,0
MS,2020-02-14,0
MS,2020-02-15,0
MS,2020-02-16,0
MS,2020-02-17,0
MS,2020-02-18,0
MS,2020-02-19,9.623208367854183
MS,2020-02-20,9.623208367854183
MS,2020-02-21,0
MS,2020-02-22,0
MS,2020-02-23,0
MS,2020-02-24,0
MS,2020-02-25,0
MS,2020-02-26,6.976149544324771
MS,2020-02-27,10.278505592377796
MS,2020-02-28,0
MS,2020-02-29,0
MS,2020-03-01,0
MS,2020-03-02,9.623208367854183
MS,2020-03-03,0
MS,2020-03-04,0
MS,2020-03-05,10.278505592377796
MS,2020-03-06,0
MS,2020-03-07,0
MS,2020-03-08,0
MS,2020-03-09,0
MS,2020-03-10,0
MS,2020-03-11,6.7
MS,2020-03-12,0
MS,2020-03-13,3.3
MS,2020-03-14,3.7125
MS,2020-03-15,8.891456089478044
MS,2020-03-16,6.305882352941176
MS,2020-03-17,18.712308409279206
MS,2020-03-18,13.433802816901409
MS,2020-03-19,16.173824565037282
MS,2020-03-20,24.885268227009114
MS,2020-03-21,68.0625
MT,2020-02-01,0
MT,2020-02-02,0
MT,2020-02-03,32.59444444444444
MT,2020-02-04,0
MT,2020-02-05,0
MT,2020-02-06,0
MT,2020-02-07,0
MT,2020-02-08,0
MT,2020-02-09,0
MT,2020-02-10,0
MT,2020-02-11,0
MT,2020-02-12,0
MT,2020-02-13,0
MT,2020-02-14,0
MT,2020-02-15,0
MT,2020-02-16,0
MT,2020-02-17,0
MT,2020-02-18,0
MT,2020-02-19,21.466666666666665
MT,2020-02-20,0
MT,2020-02-21,0
MT,2020-02-22,0
MT,2020-02-23,0
MT,2020-02-24,0
MT,2020-02-25,0
MT,2020-02-26,0
MT,2020-02-27,0
MT,2020-02-28,0
MT,2020-02-29,0
MT,2020-03-01,24.53333333333333
MT,2020-03-02,0
MT,2020-03-03,0
MT,2020-03-04,0
MT,2020-03-05,0
MT,2020-03-06,0
MT,2020-03-07,0
MT,2020-03-08,0
MT,2020-03-09,0
MT,2020-03-10,0
MT,2020-03-11,0
MT,2020-03-12,0
MT,2020-03-13,0
MT,2020-03-14,0
MT,2020-03-15,0
MT,2020-03-16,48.891666666666666
MT,2020-03-17,72.34444444444443
MT,2020-03-18,118.34444444444443
MT,2020-03-19,72.34444444444443
MT,2020-03-20,32.59444444444444
NC,2020-02-01,0
NC,2020-02-02,0
NC,2020-02-03,0
NC,2020-02-04,5.86652182127338
NC,2020-02-05,4.100699036463253
NC,2020-02-06,0
NC,2020-02-07,5.853485735877575
NC,2020-02-08,7.606272435291896
NC,2020-02-09,4.68278858870206
NC,2020-02-10,5.271396183638768
NC,2020-02-11,1.7658227848101267
NC,2020-02-12,11.124881919516342
NC,2020-02-13,0
NC,2020-02-14,4.100699036463253
NC,2020-02-15,0
NC,2020-02-16,2.3544303797468356
NC,2020-02-17,6.442093330814283
NC,2020-02-18,5.271396183638768
NC,2020-02-19,3.5120914415265445
NC,2020-02-20,3.5120914415265445
NC,2020-02-21,3.5120914415265445
NC,2020-02-22,0
NC,2020-02-23,0
NC,2020-02-24,0
NC,2020-02-25,0
NC,2020-02-26,3.5120914415265445
NC,2020-02-27,7.6127904779897975
NC,2020-02-28,4.100699036463253
NC,2020-02-29,4.100699036463253
NC,2020-03-01,8.783487625165314
NC,2020-03-02,7.6127904779897975
NC,2020-03-03,7.6127904779897975
NC,2020-03-04,1.7658227848101267
NC,2020-03-05,3.5120914415265445
NC,2020-03-06,3.5120914415265445
NC,2020-03-07,4.68278858870206
NC,2020-03-08,0
NC,2020-03-09,3.5120914415265445
NC,2020-03-10,5.271396183638768
NC,2020-03-11,3.5120914415265445
NC,2020-03-12,0
NC,2020-03-13,10.536274324579633
NC,2020-03-14,4.68278858870206
NC,2020-03-15,0
NC,2020-03-16,16.389760060457206
NC,2020-03-17,52.73351596448139
NC,2020-03-18,96.65095409030795
NC,2020-03-19,98.96627621386739
NC,2020-03-20,91.92253920272057
ND,2020-02-01,70.91687133950501
ND,2020-02-02,0
ND,2020-02-03,0
ND,2020-02-04,0
ND,2020-02-05,58.58700170035897
ND,2020-02-06,0
ND,2020-02-07,0
ND,2020-02-08,0
ND,2020-02-09,0
ND,2020-02-10,0
ND,2020-02-11,0
ND,2020-02-12,0
ND,2020-02-13,0
ND,2020-02-14,0
ND,2020-02-15,0
ND,2020-02-16,0
ND,2020-02-17,0
ND,2020-02-18,0
ND,2020-02-19,0
ND,2020-02-20,0
ND,2020-02-21,0
ND,2020-02-22,0
ND,2020-02-23,0
ND,2020-02-24,0
ND,2020-02-25,0
ND,2020-02-26,0
ND,2020-02-27,0
ND,2020-02-28,0
ND,2020-02-29,0
ND,2020-03-01,0
ND,2020-03-02,0
ND,2020-03-03,0
ND,2020-03-04,0
ND,2020-03-05,0
ND,2020-03-06,0
ND,2020-03-07,0
ND,2020-03-08,0
ND,2020-03-09,52.38182505195542
ND,2020-03-10,31.936708860759495
ND,2020-03-11,0
ND,2020-03-12,0
ND,2020-03-13,0
ND,2020-03-14,0
ND,2020-03-15,0
ND,2020-03-16,0
ND,2020-03-17,0
ND,2020-03-18,70.94237672397506
ND,2020-03-19,54.503873039863976
ND,2020-03-20,51.911675798224074
NE,2020-02-01,0
NE,2020-02-02,0
NE,2020-02-03,0
NE,2020-02-04,9.65
NE,2020-02-05,0
NE,2020-02-06,9.65
NE,2020-02-07,0
NE,2020-02-08,11.948611111111111
NE,2020-02-09,11.948611111111111
NE,2020-02-10,0
NE,2020-02-11,0
NE,2020-02-12,4.1
NE,2020-02-13,0
NE,2020-02-14,10.799305555555556
NE,2020-02-15,0
NE,2020-02-16,0
NE,2020-02-17,0
NE,2020-02-18,0
NE,2020-02-19,0
NE,2020-02-20,0
NE,2020-02-21,0
NE,2020-02-22,0
NE,2020-02-23,5.011111111111111
NE,2020-02-24,0
NE,2020-02-25,0
NE,2020-02-26,4.1
NE,2020-02-27,0
NE,2020-02-28,0
NE,2020-02-29,0
NE,2020-03-01,0
NE,2020-03-02,9.65
NE,2020-03-03,0
NE,2020-03-04,0
NE,2020-03-05,0
NE,2020-03-06,0
NE,2020-03-07,0
NE,2020-03-08,0
NE,2020-03-09,4.1
NE,2020-03-10,0
NE,2020-03-11,0
NE,2020-03-12,0
NE,2020-03-13,9.65
NE,2020-03-14,0
NE,2020-03-15,0
NE,2020-03-16,20.666666666666664
NE,2020-03-17,39.33541666666667
NE,2020-03-18,24.808333333333334
NE,2020-03-19,27.5
NE,2020-03-20,40.18402777777778
NH,2020-02-01,0
NH,2020-02-02,0
NH,2020-02-03,27.801857585139324
NH,2020-02-04,0
NH,2020-02-05,0
NH,2020-02-06,0
NH,2020-02-07,0
NH,2020-02-08,0
NH,2020-02-09,33.31269349845201
NH,2020-02-10,0
NH,2020-02-11,0
NH,2020-02-12,0
NH,2020-02-13,0
NH,2020-02-14,0
NH,2020-02-15,0
NH,2020-02-16,0
NH,2020-02-17,0
NH,2020-02-18,0
NH,2020-02-19,0
NH,2020-02-20,0
NH,2020-02-21,0
NH,2020-02-22,0
NH,2020-02-23,0
NH,2020-02-24,0
NH,2020-02-25,0
NH,2020-02-26,0
NH,2020-02-27,0
NH,2020-02-28,33.31269349845201
NH,2020-02-29,0
NH,2020-03-01,0
NH,2020-03-02,0
NH,2020-03-03,0
NH,2020-03-04,0
NH,2020-03-05,0
NH,2020-03-06,0
NH,2020-03-07,0
NH,2020-03-08,0
NH,2020-03-09,0
NH,2020-03-10,0
NH,2020-03-11,21.555023923444978
NH,2020-03-12,0
NH,2020-03-13,0
NH,2020-03-14,0
NH,2020-03-15,32.26006191950464
NH,2020-03-16,50.12383900928793
NH,2020-03-17,268.3647621728117
NH,2020-03-18,219.85223754573602
NH,2020-03-19,148.20574162679426
NH,2020-03-20,124.71432592175627
NJ,2020-02-01,0
NJ,2020-02-02,1.6841823810864058
NJ,2020-02-03,2.0104981705600897
NJ,2020-02-04,2.1968618069237262
NJ,2020-02-05,0
NJ,2020-02-06,2.7126372079932453
NJ,2020-02-07,1.6841823810864058
NJ,2020-02-08,3.0420489726991273
NJ,2020-02-09,3.5887559808612437
NJ,2020-02-10,0
NJ,2020-02-11,1.025358851674641
NJ,2020-02-12,4.06431184914157
NJ,2020-02-13,0
NJ,2020-02-14,1.311455108359133
NJ,2020-02-15,0
NJ,2020-02-16,1.311455108359133
NJ,2020-02-17,1.6841823810864058
NJ,2020-02-18,3.604953560371517
NJ,2020-02-19,1.025358851674641
NJ,2020-02-20,0
NJ,2020-02-21,1.6841823810864058
NJ,2020-02-22,1.6841823810864058
NJ,2020-02-23,3.554728398536448
NJ,2020-02-24,0
NJ,2020-02-25,3.604953560371517
NJ,2020-02-26,3.038952997466929
NJ,2020-02-27,0
NJ,2020-02-28,1.025358851674641
NJ,2020-02-29,0
NJ,2020-03-01,0
NJ,2020-03-02,1.6841823810864058
NJ,2020-03-03,1.6841823810864058
NJ,2020-03-04,1.8705460174500421
NJ,2020-03-05,0
NJ,2020-03-06,1.6841823810864058
NJ,2020-03-07,1.6841823810864058
NJ,2020-03-08,1.025358851674641
NJ,2020-03-09,2.3832254432873627
NJ,2020-03-10,1.025358851674641
NJ,2020-03-11,0
NJ,2020-03-12,4.210455952716014
NJ,2020-03-13,3.737996059667886
NJ,2020-03-14,2.5695890796509993
NJ,2020-03-15,6.550365887981987
NJ,2020-03-16,19.970503799605968
NJ,2020-03-17,24.6967351533915
NJ,2020-03-18,22.816901210244865
NJ,2020-03-19,21.754418801013227
NJ,2020-03-20,25.003757388122715
NM,2020-02-01,5.667224880382776
NM,2020-02-02,0
NM,2020-02-03,0
NM,2020-02-04,0
NM,2020-02-05,0
NM,2020-02-06,0
NM,2020-02-07,0
NM,2020-02-08,5.667224880382776
NM,2020-02-09,0
NM,2020-02-10,0
NM,2020-02-11,7.258513931888545
NM,2020-02-12,0
NM,2020-02-13,0
NM,2020-02-14,0
NM,2020-02-15,0
NM,2020-02-16,0
NM,2020-02-17,8.025541795665633
NM,2020-02-18,0
NM,2020-02-19,0
NM,2020-02-20,0
NM,2020-02-21,5.7026315789473685
NM,2020-02-22,0
NM,2020-02-23,0
NM,2020-02-24,0
NM,2020-02-25,0.9473684210526315
NM,2020-02-26,0
NM,2020-02-27,0
NM,2020-02-28,9.408513931888544
NM,2020-02-29,0
NM,2020-03-01,0
NM,2020-03-02,0
NM,2020-03-03,0
NM,2020-03-04,0
NM,2020-03-05,0.9473684210526315
NM,2020-03-06,0
NM,2020-03-07,0
NM,2020-03-08,0
NM,2020-03-09,0
NM,2020-03-10,0
NM,2020-03-11,0
NM,2020-03-12,0
NM,2020-03-13,0
NM,2020-03-14,8.025541795665633
NM,2020-03-15,1.0421052631578946
NM,2020-03-16,9.408513931888544
NM,2020-03-17,13.382845482690684
NM,2020-03-18,15.639065578384464
NM,2020-03-19,34.82420489726991
NM,2020-03-20,18.13810864058542
NV,2020-02-01,0
NV,2020-02-02,0
NV,2020-02-03,6.666666666666666
NV,2020-02-04,0
NV,2020-02-05,0
NV,2020-02-06,16.041666666666664
NV,2020-02-07,17.916666666666664
NV,2020-02-08,0
NV,2020-02-09,0
NV,2020-02-10,6.666666666666666
NV,2020-02-11,16.041666666666664
NV,2020-02-12,16.041666666666664
NV,2020-02-13,6.666666666666666
NV,2020-02-14,16.041666666666664
NV,2020-02-15,7.777777777777777
NV,2020-02-16,0
NV,2020-02-17,17.916666666666664
NV,2020-02-18,0
NV,2020-02-19,0
NV,2020-02-20,0
NV,2020-02-21,16.041666666666664
NV,2020-02-22,6.666666666666666
NV,2020-02-23,0
NV,2020-02-24,0
NV,2020-02-25,0
NV,2020-02-26,0
NV,2020-02-27,0
NV,2020-02-28,16.041666666666664
NV,2020-02-29,0
NV,2020-03-01,0
NV,2020-03-02,6.666666666666666
NV,2020-03-03,0
NV,2020-03-04,6.666666666666666
NV,2020-03-05,0
NV,2020-03-06,0
NV,2020-03-07,52.986111111111114
NV,2020-03-08,0
NV,2020-03-09,0
NV,2020-03-10,0
NV,2020-03-11,0
NV,2020-03-12,14.930555555555555
NV,2020-03-13,0
NV,2020-03-14,31.73611111111111
NV,2020-03-15,20.48611111111111
NV,2020-03-16,59.72222222222222
NV,2020-03-17,81.38888888888889
NV,2020-03-18,298.6111111111111
NV,2020-03-19,176.94444444444446
NV,2020-03-20,157.43055555555554
NY,2020-02-01,2.394441317196735
NY,2020-02-02,1.0949479313256403
NY,2020-02-03,1.731072333239516
NY,2020-02-04,1.731072333239516
NY,2020-02-05,0
NY,2020-02-06,1.0949479313256403
NY,2020-02-07,1.731072333239516
NY,2020-02-08,0
NY,2020-02-09,1.7808049535603714
NY,2020-02-10,2.6487193920630454
NY,2020-02-11,0.8904024767801857
NY,2020-02-12,1.731072333239516
NY,2020-02-13,1.2994933858710949
NY,2020-02-14,1.2722488038277513
NY,2020-02-15,1.0949479313256403
NY,2020-02-16,1.0949479313256403
NY,2020-02-17,1.2722488038277513
NY,2020-02-18,1.731072333239516
NY,2020-02-19,1.3219814241486068
NY,2020-02-20,1.731072333239516
NY,2020-02-21,0.8904024767801857
NY,2020-02-22,1.0949479313256403
NY,2020-02-23,1.2994933858710949
NY,2020-02-24,1.0949479313256403
NY,2020-02-25,1.2994933858710949
NY,2020-02-26,1.0949479313256403
NY,2020-02-27,1.9356177877849705
NY,2020-02-28,2.8532648466085
NY,2020-02-29,1.2994933858710949
NY,2020-03-01,1.985350408105826
NY,2020-03-02,1.0949479313256403
NY,2020-03-03,1.3219814241486068
NY,2020-03-04,1.0949479313256403
NY,2020-03-05,1.985350408105826
NY,2020-03-06,0.6361244019138756
NY,2020-03-07,2.1898958626512806
NY,2020-03-08,0.8904024767801857
NY,2020-03-09,1.985350408105826
NY,2020-03-10,1.2994933858710949
NY,2020-03-11,1.2994933858710949
NY,2020-03-12,2.394441317196735
NY,2020-03-13,2.8532648466085
NY,2020-03-14,3.0802983394314665
NY,2020-03-15,5.474739656628201
NY,2020-03-16,26.533886856177876
NY,2020-03-17,28.7510273008725
NY,2020-03-18,33.48456234168308
NY,2020-03-19,40.64064171122995
NY,2020-03-20,44.79339994370954
OH,2020-02-01,0
OH,2020-02-02,6.895900245607406
OH,2020-02-03,7.52881163801247
OH,2020-02-04,4.137540147364444
OH,2020-02-05,3.79746835443038
OH,2020-02-06,0
OH,2020-02-07,4.137540147364444
OH,2020-02-08,7.52881163801247
OH,2020-02-09,0
OH,2020-02-10,1.89873417721519
OH,2020-02-11,1.89873417721519
OH,2020-02-12,6.782542981296052
OH,2020-02-13,0
OH,2020-02-14,0
OH,2020-02-15,2.5316455696202533
OH,2020-02-16,0
OH,2020-02-17,4.137540147364444
OH,2020-02-18,5.40336293217457
OH,2020-02-19,5.40336293217457
OH,2020-02-20,4.137540147364444
OH,2020-02-21,6.895900245607406
OH,2020-02-22,0
OH,2020-02-23,2.5316455696202533
OH,2020-02-24,5.40336293217457
OH,2020-02-25,4.137540147364444
OH,2020-02-26,4.137540147364444
OH,2020-02-27,11.666351785376914
OH,2020-02-28,4.137540147364444
OH,2020-02-29,4.770451539769507
OH,2020-03-01,4.770451539769507
OH,2020-03-02,7.52881163801247
OH,2020-03-03,4.137540147364444
OH,2020-03-04,0
OH,2020-03-05,5.40336293217457
OH,2020-03-06,1.89873417721519
OH,2020-03-07,4.770451539769507
OH,2020-03-08,6.962025316455697
OH,2020-03-09,11.666351785376914
OH,2020-03-10,4.137540147364444
OH,2020-03-11,4.137540147364444
OH,2020-03-12,3.391271490648026
OH,2020-03-13,14.53806914793123
OH,2020-03-14,4.770451539769507
OH,2020-03-15,33.73323257132061
OH,2020-03-16,114.01851501983754
OH,2020-03-17,91.61156244095976
OH,2020-03-18,137.91800491214812
OH,2020-03-19,112.07254864915927
OH,2020-03-20,93.28358208955224
OK,2020-02-01,0
OK,2020-02-02,12.462308709616474
OK,2020-02-03,0
OK,2020-02-04,9.79671263933497
OK,2020-02-05,5.924050632911392
OK,2020-02-06,13.419421877952011
OK,2020-02-07,0
OK,2020-02-08,0
OK,2020-02-09,0
OK,2020-02-10,0
OK,2020-02-11,9.79671263933497
OK,2020-02-12,0
OK,2020-02-13,10.229548460230493
OK,2020-02-14,10.685244662762138
OK,2020-02-15,12.462308709616474
OK,2020-02-16,0
OK,2020-02-17,0
OK,2020-02-18,9.79671263933497
OK,2020-02-19,0
OK,2020-02-20,9.79671263933497
OK,2020-02-21,9.79671263933497
OK,2020-02-22,6.379746835443038
OK,2020-02-23,0
OK,2020-02-24,12.530889854524844
OK,2020-02-25,0
OK,2020-02-26,0
OK,2020-02-27,9.79671263933497
OK,2020-02-28,0
OK,2020-02-29,0
OK,2020-03-01,6.379746835443038
OK,2020-03-02,5.468354430379747
OK,2020-03-03,9.79671263933497
OK,2020-03-04,5.468354430379747
OK,2020-03-05,5.468354430379747
OK,2020-03-06,0
OK,2020-03-07,0
OK,2020-03-08,0
OK,2020-03-09,0
OK,2020-03-10,9.79671263933497
OK,2020-03-11,9.79671263933497
OK,2020-03-12,9.79671263933497
OK,2020-03-13,0
OK,2020-03-14,0
OK,2020-03-15,0
OK,2020-03-16,12.508029472888719
OK,2020-03-17,25.35745324012847
OK,2020-03-18,29.458719062913282
OK,2020-03-19,57.458907991687134
OK,2020-03-20,54.88475344795012
OR,2020-02-01,13.59463717110776
OR,2020-02-02,0
OR,2020-02-03,0
OR,2020-02-04,0
OR,2020-02-05,0
OR,2020-02-06,11.753075247192895
OR,2020-02-07,11.753075247192895
OR,2020-02-08,0
OR,2020-02-09,0
OR,2020-02-10,6.827149321266968
OR,2020-02-11,11.753075247192895
OR,2020-02-12,0
OR,2020-02-13,11.753075247192895
OR,2020-02-14,0
OR,2020-02-15,13.59463717110776
OR,2020-02-16,0
OR,2020-02-17,5.384615384615385
OR,2020-02-18,0
OR,2020-02-19,4.615384615384615
OR,2020-02-20,0
OR,2020-02-21,11.753075247192895
OR,2020-02-22,0
OR,2020-02-23,12.890933467404055
OR,2020-02-24,4.615384615384615
OR,2020-02-25,11.04937154348919
OR,2020-02-26,8.837606837606838
OR,2020-02-27,0
OR,2020-02-28,0
OR,2020-02-29,0
OR,2020-03-01,2.580392156862745
OR,2020-03-02,8.837606837606838
OR,2020-03-03,22.09874308697838
OR,2020-03-04,0
OR,2020-03-05,8.837606837606838
OR,2020-03-06,2.211764705882353
OR,2020-03-07,0
OR,2020-03-08,0
OR,2020-03-09,6.827149321266968
OR,2020-03-10,0
OR,2020-03-11,0
OR,2020-03-12,4.615384615384615
OR,2020-03-13,16.542081447963803
OR,2020-03-14,14.792156862745099
OR,2020-03-15,20.525155019272667
OR,2020-03-16,87.76581196581196
OR,2020-03-17,178.42590916708565
OR,2020-03-18,120.80425674543321
OR,2020-03-19,79.55421484833249
OR,2020-03-20,76.30209485503603
OR,2020-03-21,108.74509803921568
PA,2020-02-01,1.3692307692307693
PA,2020-02-02,3.6350259762024466
PA,2020-02-03,2.8507122507122507
PA,2020-02-04,4.419339701692643
PA,2020-02-05,7.270051952404893
PA,2020-02-06,5.844695827048768
PA,2020-02-07,6.236852689793865
PA,2020-02-08,0
PA,2020-02-09,0.7843137254901961
PA,2020-02-10,5.4525389643036695
PA,2020-02-11,3.6350259762024466
PA,2020-02-12,2.8507122507122507
PA,2020-02-13,4.3196413608178315
PA,2020-02-14,2.8507122507122507
PA,2020-02-15,0
PA,2020-02-16,4.991704374057314
PA,2020-02-17,3.6350259762024466
PA,2020-02-18,4.3196413608178315
PA,2020-02-19,6.877895089659796
PA,2020-02-20,4.419339701692643
PA,2020-02-21,3.6350259762024466
PA,2020-02-22,2.8507122507122507
PA,2020-02-23,3.6350259762024466
PA,2020-02-24,7.270051952404893
PA,2020-02-25,4.711798223562929
PA,2020-02-26,3.6350259762024466
PA,2020-02-27,5.888268811798223
PA,2020-02-28,2.8507122507122507
PA,2020-02-29,3.6350259762024466
PA,2020-03-01,3.6350259762024466
PA,2020-03-02,3.6350259762024466
PA,2020-03-03,5.060382101558572
PA,2020-03-04,4.3196413608178315
PA,2020-03-05,5.676319758672699
PA,2020-03-06,0
PA,2020-03-07,10.612619406737053
PA,2020-03-08,1.5686274509803921
PA,2020-03-09,7.270051952404893
PA,2020-03-10,2.937858220211161
PA,2020-03-11,5.701424501424501
PA,2020-03-12,5.801122842299312
PA,2020-03-13,10.220462543991955
PA,2020-03-14,6.672582537288419
PA,2020-03-15,23.93267973856209
PA,2020-03-16,83.31313893078598
PA,2020-03-17,94.71598793363499
PA,2020-03-18,92.13335009217361
PA,2020-03-19,78.1656108597285
PA,2020-03-20,174.2205295793531
PA,2020-03-21,117.6470588235294
RI,2020-02-01,0
RI,2020-02-02,0
RI,2020-02-03,0
RI,2020-02-04,0
RI,2020-02-05,0
RI,2020-02-06,0
RI,2020-02-07,0
RI,2020-02-08,0
RI,2020-02-09,0
RI,2020-02-10,0
RI,2020-02-11,0
RI,2020-02-12,22.58974358974359
RI,2020-02-13,0
RI,2020-02-14,0
RI,2020-02-15,0
RI,2020-02-16,0
RI,2020-02-17,0
RI,2020-02-18,0
RI,2020-02-19,0
RI,2020-02-20,0
RI,2020-02-21,29.852488687782806
RI,2020-02-22,0
RI,2020-02-23,0
RI,2020-02-24,0
RI,2020-02-25,0
RI,2020-02-26,0
RI,2020-02-27,27.704826546003016
RI,2020-02-28,28.010708898944195
RI,2020-02-29,26.130769230769232
RI,2020-03-01,0
RI,2020-03-02,26.702262443438915
RI,2020-03-03,0
RI,2020-03-04,0
RI,2020-03-05,0
RI,2020-03-06,0
RI,2020-03-07,0
RI,2020-03-08,0
RI,2020-03-09,0
RI,2020-03-10,0
RI,2020-03-11,0
RI,2020-03-12,0
RI,2020-03-13,0
RI,2020-03-14,34.247058823529414
RI,2020-03-15,41.13815987933635
RI,2020-03-16,75.44147812971342
RI,2020-03-17,69.31417797888386
RI,2020-03-18,90.88190045248868
RI,2020-03-19,35.662594268476624
RI,2020-03-20,33.64147812971342
RI,2020-03-21,36.705882352941174
SC,2020-02-01,6.706837606837608
SC,2020-02-02,3.2846153846153845
SC,2020-02-03,0
SC,2020-02-04,0
SC,2020-02-05,4.203619909502263
SC,2020-02-06,0
SC,2020-02-07,0
SC,2020-02-08,0
SC,2020-02-09,0
SC,2020-02-10,6.905580693815988
SC,2020-02-11,5.748717948717949
SC,2020-02-12,0
SC,2020-02-13,0
SC,2020-02-14,0
SC,2020-02-15,1.6196078431372551
SC,2020-02-16,0
SC,2020-02-17,5.591855203619909
SC,2020-02-18,9.131623931623933
SC,2020-02-19,0
SC,2020-02-20,0
SC,2020-02-21,0
SC,2020-02-22,0
SC,2020-02-23,0
SC,2020-02-24,6.436349924585219
SC,2020-02-25,0
SC,2020-02-26,10.539316239316241
SC,2020-02-27,0
SC,2020-02-28,0
SC,2020-02-29,0
SC,2020-03-01,3.2846153846153845
SC,2020-03-02,0
SC,2020-03-03,6.436349924585219
SC,2020-03-04,5.94746103569633
SC,2020-03-05,7.130467571644043
SC,2020-03-06,0
SC,2020-03-07,0
SC,2020-03-08,8.095072900955255
SC,2020-03-09,6.905580693815988
SC,2020-03-10,6.905580693815988
SC,2020-03-11,3.9722473604826547
SC,2020-03-12,2.3461538461538463
SC,2020-03-13,5.748717948717949
SC,2020-03-14,0
SC,2020-03-15,0
SC,2020-03-16,22.52564102564103
SC,2020-03-17,27.286375062845654
SC,2020-03-18,74.54072398190046
SC,2020-03-19,53.08406234288588
SC,2020-03-20,43.93021618903972
SC,2020-03-21,6.9411764705882355
SD,2020-02-01,0
SD,2020-02-02,0
SD,2020-02-03,0
SD,2020-02-04,0
SD,2020-02-05,0
SD,2020-02-06,0
SD,2020-02-07,0
SD,2020-02-08,0
SD,2020-02-09,0
SD,2020-02-10,0
SD,2020-02-11,0
SD,2020-02-12,0
SD,2020-02-13,0
SD,2020-02-14,0
SD,2020-02-15,0
SD,2020-02-16,0
SD,2020-02-17,0
SD,2020-02-18,54.94066007905138
SD,2020-02-19,0
SD,2020-02-20,0
SD,2020-02-21,0
SD,2020-02-22,0
SD,2020-02-23,0
SD,2020-02-24,0
SD,2020-02-25,61.94594071146245
SD,2020-02-26,0
SD,2020-02-27,0
SD,2020-02-28,0
SD,2020-02-29,0
SD,2020-03-01,0
SD,2020-03-02,0
SD,2020-03-03,0
SD,2020-03-04,0
SD,2020-03-05,62.92830039525691
SD,2020-03-06,0
SD,2020-03-07,0
SD,2020-03-08,0
SD,2020-03-09,0
SD,2020-03-10,0
SD,2020-03-11,0
SD,2020-03-12,0
SD,2020-03-13,65.73737944664032
SD,2020-03-14,0
SD,2020-03-15,0
SD,2020-03-16,0
SD,2020-03-17,0
SD,2020-03-18,93.08496837944664
SD,2020-03-19,0
SD,2020-03-20,62.51294071146245
SD,2020-03-21,82.95454545454547
TN,2020-02-01,0
TN,2020-02-02,0
TN,2020-02-03,0
TN,2020-02-04,0
TN,2020-02-05,5.507505928853755
TN,2020-02-06,0
TN,2020-02-07,5.729505928853755
TN,2020-02-08,0
TN,2020-02-09,0
TN,2020-02-10,5.507505928853755
TN,2020-02-11,4.653505928853755
TN,2020-02-12,4.653505928853755
TN,2020-02-13,1.1136363636363638
TN,2020-02-14,0
TN,2020-02-15,5.540292490118577
TN,2020-02-16,2.974
TN,2020-02-17,0
TN,2020-02-18,8.455865612648221
TN,2020-02-19,5.507505928853755
TN,2020-02-20,0
TN,2020-02-21,0
TN,2020-02-22,0
TN,2020-02-23,2.974
TN,2020-02-24,1.1136363636363638
TN,2020-02-25,5.507505928853755
TN,2020-02-26,8.94095256916996
TN,2020-02-27,0
TN,2020-02-28,1.1136363636363638
TN,2020-02-29,5.540292490118577
TN,2020-03-01,0
TN,2020-03-02,9.086225296442688
TN,2020-03-03,1.1136363636363638
TN,2020-03-04,2.408
TN,2020-03-05,4.875505928853755
TN,2020-03-06,0
TN,2020-03-07,0
TN,2020-03-08,0
TN,2020-03-09,0
TN,2020-03-10,9.418225296442687
TN,2020-03-11,5.507505928853755
TN,2020-03-12,5.507505928853755
TN,2020-03-13,12.846154150197629
TN,2020-03-14,5.540292490118577
TN,2020-03-15,4.246727272727273
TN,2020-03-16,20.202569169960473
TN,2020-03-17,27.646565217391306
TN,2020-03-18,40.75848221343873
TN,2020-03-19,59.68788537549407
TN,2020-03-20,47.59295652173913
TN,2020-03-21,42.95454545454545
TX,2020-02-01,1.6801501976284585
TX,2020-02-02,1.652
TX,2020-02-03,1.5221501976284584
TX,2020-02-04,2.8715731225296444
TX,2020-02-05,2.663498023715415
TX,2020-02-06,3.6146482213438733
TX,2020-02-07,2.5202252964426877
TX,2020-02-08,2.438604743083004
TX,2020-02-09,2.5202252964426877
TX,2020-02-10,3.360300395256917
TX,2020-02-11,1.996802371541502
TX,2020-02-12,3.96599604743083
TX,2020-02-13,3.518300395256917
TX,2020-02-14,2.265877470355731
TX,2020-02-15,2.8715731225296444
TX,2020-02-16,1.6801501976284585
TX,2020-02-17,2.789300395256917
TX,2020-02-18,3.360300395256917
TX,2020-02-19,3.787375494071146
TX,2020-02-20,1.9351501976284584
TX,2020-02-21,3.187573122529644
TX,2020-02-22,0.826
TX,2020-02-23,1.6801501976284585
TX,2020-02-24,5.707798418972332
TX,2020-02-25,4.964071146245059
TX,2020-02-26,3.96599604743083
TX,2020-02-27,2.0931501976284586
TX,2020-02-28,1.2530750988142292
TX,2020-02-29,2.3474980237154153
TX,2020-03-01,0
TX,2020-03-02,1.996802371541502
TX,2020-03-03,2.7745731225296444
TX,2020-03-04,3.662225296442688
TX,2020-03-05,3.86899604743083
TX,2020-03-06,2.1026363636363636
TX,2020-03-07,4.915300395256917
TX,2020-03-08,0.826
TX,2020-03-09,3.96599604743083
TX,2020-03-10,3.4366798418972335
TX,2020-03-11,2.107225296442688
TX,2020-03-12,1.8528774703557311
TX,2020-03-13,5.515102766798419
TX,2020-03-14,3.091225296442688
TX,2020-03-15,1.516909090909091
TX,2020-03-16,13.488778656126483
TX,2020-03-17,31.344324110671938
TX,2020-03-18,38.08424110671937
TX,2020-03-19,67.12340316205534
TX,2020-03-20,56.984332015810274
TX,2020-03-21,32.81818181818182
UT,2020-02-01,10.003794466403162
UT,2020-02-02,0
UT,2020-02-03,5.013090909090908
UT,2020-02-04,8.613877470355732
UT,2020-02-05,0
UT,2020-02-06,0
UT,2020-02-07,1.5681818181818181
UT,2020-02-08,0
UT,2020-02-09,10.307252964426876
UT,2020-02-10,0
UT,2020-02-11,0
UT,2020-02-12,8.310418972332016
UT,2020-02-13,0
UT,2020-02-14,0
UT,2020-02-15,6.726818181818182
UT,2020-02-16,4.845
UT,2020-02-17,0
UT,2020-02-18,0
UT,2020-02-19,0
UT,2020-02-20,6.600418972332016
UT,2020-02-21,0
UT,2020-02-22,0
UT,2020-02-23,0
UT,2020-02-24,1.4636363636363636
UT,2020-02-25,0
UT,2020-02-26,0
UT,2020-02-27,0
UT,2020-02-28,0
UT,2020-02-29,0
UT,2020-03-01,0
UT,2020-03-02,0
UT,2020-03-03,8.049418972332015
UT,2020-03-04,8.049418972332015
UT,2020-03-05,0
UT,2020-03-06,0
UT,2020-03-07,0
UT,2020-03-08,0
UT,2020-03-09,0
UT,2020-03-10,0
UT,2020-03-11,0
UT,2020-03-12,0
UT,2020-03-13,6.6237272727272725
UT,2020-03-14,9.292335968379446
UT,2020-03-15,10.275699604743082
UT,2020-03-16,10.608237154150197
UT,2020-03-17,10.908628458498024
UT,2020-03-18,30.539241106719366
UT,2020-03-19,19.86215415019763
UT,2020-03-20,23.526474308300394
UT,2020-03-21,24.045454545454543
VA,2020-02-01,2.3415534107212728
VA,2020-02-02,0
VA,2020-02-03,0.3411764705882353
VA,2020-02-04,0.3411764705882353
VA,2020-02-05,2.116276248858745
VA,2020-02-06,3.1405008477892267
VA,2020-02-07,2.116276248858745
VA,2020-02-08,2.6411229946524064
VA,2020-02-09,2.1293582887700535
VA,2020-02-10,2.116276248858745
VA,2020-02-11,2.116276248858745
VA,2020-02-12,2.116276248858745
VA,2020-02-13,0
VA,2020-02-14,2.116276248858745
VA,2020-02-15,0.3411764705882353
VA,2020-02-16,2.3415534107212728
VA,2020-02-17,4.2872414242859005
VA,2020-02-18,2.116276248858745
VA,2020-02-19,0
VA,2020-02-20,0.3411764705882353
VA,2020-02-21,0
VA,2020-02-22,2.3415534107212728
VA,2020-02-23,0.3411764705882353
VA,2020-02-24,2.4960988652667275
VA,2020-02-25,2.116276248858745
VA,2020-02-26,2.2868644841528627
VA,2020-02-27,3.8425524977174907
VA,2020-02-28,1.6526398852223816
VA,2020-02-29,0
VA,2020-03-01,0
VA,2020-03-02,2.6571657754010696
VA,2020-03-03,2.116276248858745
VA,2020-03-04,1.584812834224599
VA,2020-03-05,5.347807486631016
VA,2020-03-06,2.116276248858745
VA,2020-03-07,0
VA,2020-03-08,0
VA,2020-03-09,0
VA,2020-03-10,3.8425524977174907
VA,2020-03-11,1.6526398852223816
VA,2020-03-12,1.7262762488587453
VA,2020-03-13,1.6526398852223816
VA,2020-03-14,2.611998173992435
VA,2020-03-15,2.8153671579496544
VA,2020-03-16,8.064927611842963
VA,2020-03-17,15.17475283683318
VA,2020-03-18,21.174493282900745
VA,2020-03-19,30.090096517542715
VA,2020-03-20,28.508188339637407
VA,2020-03-21,11.941176470588236
VT,2020-02-01,0
VT,2020-02-02,0
VT,2020-02-03,0
VT,2020-02-04,0
VT,2020-02-05,0
VT,2020-02-06,0
VT,2020-02-07,0
VT,2020-02-08,0
VT,2020-02-09,0
VT,2020-02-10,0
VT,2020-02-11,0
VT,2020-02-12,0
VT,2020-02-13,0
VT,2020-02-14,0
VT,2020-02-15,0
VT,2020-02-16,0
VT,2020-02-17,0
VT,2020-02-18,0
VT,2020-02-19,0
VT,2020-02-20,0
VT,2020-02-21,0
VT,2020-02-22,0
VT,2020-02-23,0
VT,2020-02-24,0
VT,2020-02-25,0
VT,2020-02-26,0
VT,2020-02-27,0
VT,2020-02-28,0
VT,2020-02-29,0
VT,2020-03-01,0
VT,2020-03-02,77.59893048128342
VT,2020-03-03,0
VT,2020-03-04,33.529411764705884
VT,2020-03-05,0
VT,2020-03-06,0
VT,2020-03-07,0
VT,2020-03-08,0
VT,2020-03-09,0
VT,2020-03-10,0
VT,2020-03-11,0
VT,2020-03-12,0
VT,2020-03-13,0
VT,2020-03-14,0
VT,2020-03-15,0
VT,2020-03-16,65.35150645624103
VT,2020-03-17,213.51680361723402
VT,2020-03-18,84.77335768010087
VT,2020-03-19,109.13790704751968
VT,2020-03-20,126.77361853832441
VT,2020-03-21,0
WA,2020-02-01,3.108887439676536
WA,2020-02-02,3.177754010695187
WA,2020-02-03,1.7064275466284076
WA,2020-02-04,0
WA,2020-02-05,1.7064275466284076
WA,2020-02-06,2.3973366375374985
WA,2020-02-07,2.3973366375374985
WA,2020-02-08,0.4764705882352941
WA,2020-02-09,0
WA,2020-02-10,1.7064275466284076
WA,2020-02-11,5.1951793400286945
WA,2020-02-12,0
WA,2020-02-13,5.575179340028694
WA,2020-02-14,0
WA,2020-02-15,2.860106951871658
WA,2020-02-16,2.860106951871658
WA,2020-02-17,0.3176470588235294
WA,2020-02-18,4.552922916394939
WA,2020-02-19,4.0899960871266465
WA,2020-02-20,0.3176470588235294
WA,2020-02-21,2.3973366375374985
WA,2020-02-22,2.245251076040172
WA,2020-02-23,2.936160166949263
WA,2020-02-24,0.3176470588235294
WA,2020-02-25,0
WA,2020-02-26,0
WA,2020-02-27,1.830909090909091
WA,2020-02-28,1.7064275466284076
WA,2020-02-29,2.3973366375374985
WA,2020-03-01,0
WA,2020-03-02,2.46620320855615
WA,2020-03-03,0
WA,2020-03-04,2.3973366375374985
WA,2020-03-05,2.14855614973262
WA,2020-03-06,1.830909090909091
WA,2020-03-07,2.3973366375374985
WA,2020-03-08,2.024074605451937
WA,2020-03-09,2.3144098082692057
WA,2020-03-10,2.3973366375374985
WA,2020-03-11,0
WA,2020-03-12,5.955294117647059
WA,2020-03-13,5.623696361027782
WA,2020-03-14,5.34740054780227
WA,2020-03-15,3.0326307551845573
WA,2020-03-16,30.052714229816093
WA,2020-03-17,29.265355419329595
WA,2020-03-18,24.995601930350855
WA,2020-03-19,22.950525629320463
WA,2020-03-20,27.586464066779705
WA,2020-03-21,13.5
WI,2020-02-01,0
WI,2020-02-02,0
WI,2020-02-03,0
WI,2020-02-04,0
WI,2020-02-05,0
WI,2020-02-06,0
WI,2020-02-07,0
WI,2020-02-08,0
WI,2020-02-09,0
WI,2020-02-10,0
WI,2020-02-11,1.2
WI,2020-02-12,0
WI,2020-02-13,7.691711229946524
WI,2020-02-14,9.983065953654188
WI,2020-02-15,0
WI,2020-02-16,4.754991087344028
WI,2020-02-17,3.900356506238859
WI,2020-02-18,1.4454545454545455
WI,2020-02-19,1.4454545454545455
WI,2020-02-20,4.014081996434937
WI,2020-02-21,2.8454545454545457
WI,2020-02-22,1.5
WI,2020-02-23,0
WI,2020-02-24,1.2
WI,2020-02-25,3.900356506238859
WI,2020-02-26,3.659447415329768
WI,2020-02-27,2.6454545454545455
WI,2020-02-28,5.423083778966132
WI,2020-02-29,0
WI,2020-03-01,5.477718360071301
WI,2020-03-02,3.659447415329768
WI,2020-03-03,0
WI,2020-03-04,0
WI,2020-03-05,10.051158645276292
WI,2020-03-06,2.8454545454545457
WI,2020-03-07,0
WI,2020-03-08,0
WI,2020-03-09,3.900356506238859
WI,2020-03-10,0
WI,2020-03-11,3.900356506238859
WI,2020-03-12,0
WI,2020-03-13,3.900356506238859
WI,2020-03-14,4.754991087344028
WI,2020-03-15,4.514081996434937
WI,2020-03-16,12.483155080213903
WI,2020-03-17,32.171479500891266
WI,2020-03-18,39.91720142602495
WI,2020-03-19,32.65748663101604
WI,2020-03-20,33.28484848484848
WI,2020-03-21,18.666666666666668
WV,2020-02-01,0
WV,2020-02-02,0
WV,2020-02-03,2.676470588235294
WV,2020-02-04,28.876384505021523
WV,2020-02-05,19.88643363332029
WV,2020-02-06,0
WV,2020-02-07,0
WV,2020-02-08,18.583030303030306
WV,2020-02-09,23.262144254597626
WV,2020-02-10,0
WV,2020-02-11,15.766060606060607
WV,2020-02-12,0
WV,2020-02-13,0
WV,2020-02-14,0
WV,2020-02-15,0
WV,2020-02-16,0
WV,2020-02-17,0
WV,2020-02-18,0
WV,2020-02-19,0
WV,2020-02-20,19.88643363332029
WV,2020-02-21,0
WV,2020-02-22,0
WV,2020-02-23,0
WV,2020-02-24,17.9025311942959
WV,2020-02-25,14.29012912482066
WV,2020-02-26,0
WV,2020-02-27,0
WV,2020-02-28,0
WV,2020-02-29,0
WV,2020-03-01,0
WV,2020-03-02,0
WV,2020-03-03,0
WV,2020-03-04,0
WV,2020-03-05,0
WV,2020-03-06,0
WV,2020-03-07,17.803636363636365
WV,2020-03-08,18.343636363636364
WV,2020-03-09,0
WV,2020-03-10,0
WV,2020-03-11,0
WV,2020-03-12,19.256189730881268
WV,2020-03-13,0
WV,2020-03-14,0
WV,2020-03-15,0
WV,2020-03-16,19.256189730881268
WV,2020-03-17,37.44945611060389
WV,2020-03-18,19.88643363332029
WV,2020-03-19,58.61702795530629
WV,2020-03-20,31.67869918699187
WV,2020-03-21,28.823529411764703
WY,2020-02-01,0
WY,2020-02-02,0
WY,2020-02-03,0
WY,2020-02-04,0
WY,2020-02-05,0
WY,2020-02-06,0
WY,2020-02-07,0
WY,2020-02-08,0
WY,2020-02-09,0
WY,2020-02-10,0
WY,2020-02-11,0
WY,2020-02-12,0
WY,2020-02-13,0
WY,2020-02-14,0
WY,2020-02-15,0
WY,2020-02-16,0
WY,2020-02-17,0
WY,2020-02-18,0
WY,2020-02-19,0
WY,2020-02-20,0
WY,2020-02-21,34.54545454545455
WY,2020-02-22,78.94635126777985
WY,2020-02-23,0
WY,2020-02-24,0
WY,2020-02-25,0
WY,2020-02-26,0
WY,2020-02-27,0
WY,2020-02-28,0
WY,2020-02-29,0
WY,2020-03-01,0
WY,2020-03-02,0
WY,2020-03-03,0
WY,2020-03-04,0
WY,2020-03-05,0
WY,2020-03-06,0
WY,2020-03-07,0
WY,2020-03-08,0
WY,2020-03-09,0
WY,2020-03-10,65.87894248608535
WY,2020-03-11,0
WY,2020-03-12,0
WY,2020-03-13,0
WY,2020-03-14,0
WY,2020-03-15,0
WY,2020-03-16,0
WY,2020-03-17,109.14684055440358
WY,2020-03-18,0
WY,2020-03-19,138.12461348175634
WY,2020-03-20,183.37648695841972
WY,2020-03-21,123.27097505668935
